[
    {
        "name": "박시우",
        "age": 31,
        "isMarried": true,
        "carOwnership": true,
        "address": {
            "street": "312번지",
            "city": "서울",
            "zipCode": "83795"
        },
        "phoneNumbers": [
            "483-4639-1933",
            "947-4179-7976"
        ],
        "hobbies": [
            "요리",
            "음악 감상",
            "사진 촬영"
        ]
    },
    {
        "name": "정수아",
        "age": 31,
        "isMarried": false,
        "carOwnership": true,
        "address": {
            "street": "877번지",
            "city": "서울",
            "zipCode": "36780"
        },
        "phoneNumbers": [
            "337-5721-3227",
            "387-3768-9586"
        ],
        "hobbies": [
            "여행",
            "음악 감상",
            "등산"
        ]
    },
    {
        "name": "최도윤",
        "age": 43,
        "isMarried": false,
        "carOwnership": true,
        "address": {
            "street": "175번지",
            "city": "서울",
            "zipCode": "89067"
        },
        "phoneNumbers": [
            "354-5563-4638",
            "471-9212-1826"
        ],
        "hobbies": [
            "등산",
            "독서",
            "게임"
        ]
    },
    {
        "name": "정민준",
        "age": 22,
        "isMarried": false,
        "carOwnership": false,
        "address": {
            "street": "690번지",
            "city": "서울",
            "zipCode": "70635"
        },
        "phoneNumbers": [
            "468-2796-2152",
            "922-5760-7030"
        ],
        "hobbies": [
            "여행",
            "등산",
            "게임"
        ]
    },
    {
        "name": "이민준",
        "age": 79,
        "isMarried": true,
        "carOwnership": false,
        "address": {
            "street": "151번지",
            "city": "서울",
            "zipCode": "79118"
        },
        "phoneNumbers": [
            "751-2823-8259",
            "722-7267-9516"
        ],
        "hobbies": [
            "게임",
            "영화 감상",
            "음악 감상"
        ]
    },
    {
        "name": "최도윤",
        "age": 64,
        "isMarried": false,
        "carOwnership": true,
        "address": {
            "street": "855번지",
            "city": "서울",
            "zipCode": "21216"
        },
        "phoneNumbers": [
            "462-4433-5968",
            "483-1709-4850"
        ],
        "hobbies": [
            "독서",
            "등산",
            "요리"
        ]
    },
    {
        "name": "최지훈",
        "age": 72,
        "isMarried": true,
        "carOwnership": true,
        "address": {
            "street": "683번지",
            "city": "서울",
            "zipCode": "75013"
        },
        "phoneNumbers": [
            "382-2779-3692",
            "835-4343-5346"
        ],
        "hobbies": [
            "여행",
            "사진 촬영",
            "독서"
        ]
    },
    {
        "name": "정도윤",
        "age": 77,
        "isMarried": true,
        "carOwnership": false,
        "address": {
            "street": "547번지",
            "city": "서울",
            "zipCode": "33986"
        },
        "phoneNumbers": [
            "136-2831-1021",
            "818-9721-7208"
        ],
        "hobbies": [
            "독서",
            "등산",
            "음악 감상"
        ]
    },
    {
        "name": "정하린",
        "age": 44,
        "isMarried": false,
        "carOwnership": true,
        "address": {
            "street": "304번지",
            "city": "서울",
            "zipCode": "69380"
        },
        "phoneNumbers": [
            "423-5001-2734",
            "256-4271-3750"
        ],
        "hobbies": [
            "독서",
            "게임",
            "여행"
        ]
    },
    {
        "name": "김예준",
        "age": 26,
        "isMarried": false,
        "carOwnership": true,
        "address": {
            "street": "924번지",
            "city": "서울",
            "zipCode": "77191"
        },
        "phoneNumbers": [
            "668-1157-6180",
            "815-9997-6459"
        ],
        "hobbies": [
            "등산",
            "독서",
            "여행"
        ]
    },
    {
        "name": "최수아",
        "age": 48,
        "isMarried": true,
        "carOwnership": true,
        "address": {
            "street": "539번지",
            "city": "서울",
            "zipCode": "67491"
        },
        "phoneNumbers": [
            "745-5529-4411",
            "437-3892-3668"
        ],
        "hobbies": [
            "요리",
            "게임",
            "등산"
        ]
    },
    {
        "name": "이서연",
        "age": 41,
        "isMarried": false,
        "carOwnership": true,
        "address": {
            "street": "358번지",
            "city": "서울",
            "zipCode": "70195"
        },
        "phoneNumbers": [
            "914-2071-3446",
            "539-6835-4629"
        ],
        "hobbies": [
            "여행",
            "영화 감상",
            "요리"
        ]
    },
    {
        "name": "이지훈",
        "age": 61,
        "isMarried": true,
        "carOwnership": true,
        "address": {
            "street": "741번지",
            "city": "서울",
            "zipCode": "82600"
        },
        "phoneNumbers": [
            "709-3578-3445",
            "907-3295-1822"
        ],
        "hobbies": [
            "영화 감상",
            "독서",
            "여행"
        ]
    },
    {
        "name": "최서연",
        "age": 47,
        "isMarried": false,
        "carOwnership": true,
        "address": {
            "street": "932번지",
            "city": "서울",
            "zipCode": "57742"
        },
        "phoneNumbers": [
            "508-9125-7029",
            "939-1920-5084"
        ],
        "hobbies": [
            "사진 촬영",
            "등산",
            "요리"
        ]
    },
    {
        "name": "이민준",
        "age": 23,
        "isMarried": true,
        "carOwnership": false,
        "address": {
            "street": "603번지",
            "city": "서울",
            "zipCode": "30841"
        },
        "phoneNumbers": [
            "891-2980-9497",
            "811-3249-9899"
        ],
        "hobbies": [
            "등산",
            "독서",
            "여행"
        ]
    },
    {
        "name": "박하은",
        "age": 52,
        "isMarried": false,
        "carOwnership": false,
        "address": {
            "street": "464번지",
            "city": "서울",
            "zipCode": "91295"
        },
        "phoneNumbers": [
            "499-4872-5904",
            "140-3733-7715"
        ],
        "hobbies": [
            "게임",
            "음악 감상",
            "요리"
        ]
    },
    {
        "name": "정수아",
        "age": 61,
        "isMarried": false,
        "carOwnership": true,
        "address": {
            "street": "401번지",
            "city": "서울",
            "zipCode": "71129"
        },
        "phoneNumbers": [
            "672-6315-8675",
            "975-1259-1656"
        ],
        "hobbies": [
            "음악 감상",
            "요리",
            "여행"
        ]
    },
    {
        "name": "이지훈",
        "age": 19,
        "isMarried": false,
        "carOwnership": false,
        "address": {
            "street": "356번지",
            "city": "서울",
            "zipCode": "40080"
        },
        "phoneNumbers": [
            "853-1953-3723",
            "408-3476-1336"
        ],
        "hobbies": [
            "등산",
            "영화 감상",
            "요리"
        ]
    },
    {
        "name": "최도윤",
        "age": 52,
        "isMarried": true,
        "carOwnership": true,
        "address": {
            "street": "940번지",
            "city": "서울",
            "zipCode": "60335"
        },
        "phoneNumbers": [
            "290-8270-9786",
            "483-1765-4028"
        ],
        "hobbies": [
            "요리",
            "사진 촬영",
            "등산"
        ]
    },
    {
        "name": "최주원",
        "age": 18,
        "isMarried": true,
        "carOwnership": true,
        "address": {
            "street": "289번지",
            "city": "서울",
            "zipCode": "59793"
        },
        "phoneNumbers": [
            "460-4533-7245",
            "344-2344-7362"
        ],
        "hobbies": [
            "여행",
            "요리",
            "영화 감상"
        ]
    }
]